"","1"
"(Intercept)",0.190901167947143
"V1",0.00120803285931841
"V2",0
"V3",0.00058225453378607
"V4",0
"V5",0.000258545712653589
"V6",0
"V7",0
"V8",9.19289920561804e-06
"V9",0
"V10",0
"V11",0
"V12",0
"V13",0
"V14",0
"V15",0
"V16",0
"V17",0
"V18",0
"V19",-0.000192465438980462
"V20",0
"V21",0
"V22",0
"V23",0.00104236596231251
"V24",0
"V25",0
"V26",0
"V27",0
"V28",0
"V29",0
"V30",0
"V31",0
"V32",0
"V33",0.00114921423969581
"V34",0
"V35",0
"V36",0
"V37",0
"V38",0
"V39",-0.00289790055984062
"V40",0.000407283254493953
"V41",0
"V42",0
"V43",-0.000529897534401865
"V44",-0.00148364996241562
"V45",0
"V46",0
"V47",0
"V48",0
"V49",0
"V50",0.000728613079957218
"V51",0.000365137603837907
"V52",0
"V53",0.000621689727815631
"V54",0
"V55",0
"V56",0
"V57",0
"V58",0
"V59",0
"V60",0
"V61",0
"V62",0
"V63",0
"V64",0
"V65",0
"V66",0
"V67",0
"V68",0
"V69",0
"V70",4.52822972660888e-05
"V71",0
"V72",0
"V73",0
"V74",0
"V75",0
"V76",0
"V77",0
"V78",0
"V79",0.000951805673404535
"V80",0
"V81",0
"V82",0
"V83",-0.00086931852665923
"V84",0
"V85",0
"V86",0
"V87",0
"V88",0
"V89",0.000710464275077601
"V90",-0.000604371670916612
"V91",0
"V92",0
"V93",-0.000891069981220765
"V94",0
"V95",-0.00541913023941572
"V96",0
"V97",0
"V98",-0.000669900936252214
"V99",0
"V100",0
"V101",-0.0014572058529854
"V102",0
"V103",0
"V104",0
"V105",0
"V106",0
"V107",0
"V108",0
"V109",0
"V110",0
"V111",0
"V112",0.000242002391822504
"V113",0
"V114",0
"V115",0
"V116",0
"V117",0
"V118",0
"V119",0
"V120",0
"V121",0
"V122",0
"V123",0
"V124",0
"V125",0
"V126",0
"V127",0
"V128",0
"V129",-0.000249253778387265
"V130",-0.00106459005329778
"V131",0
"V132",0
"V133",0
"V134",0
"V135",0
"V136",-0.000470127647761147
"V137",0
"V138",0
"V139",0
"V140",0
"V141",0.00143016473741429
"V142",0
"V143",0
"V144",0.000307185533556984
"V145",0
"V146",0
"V147",0
"V148",0
"V149",0
"V150",-0.00101298850877316
"V151",0.000216622824095461
"V152",0
"V153",0
"V154",0
"V155",0
"V156",0
"V157",0
"V158",0
"V159",0
"V160",0
"V161",0
"V162",0
"V163",0
"V164",0
"V165",0
"V166",0
"V167",0
"V168",0
"V169",0
"V170",0
"V171",0
"V172",0
"V173",0
"V174",0
"V175",0
"V176",0
"V177",0
"V178",0
"V179",0
"V180",0
"V181",0
"V182",0
"V183",0
"V184",0
"V185",0.00160325013757478
"V186",0
"V187",0.0026907221779283
"V188",0
"V189",0.000402087351269285
"V190",0
"V191",0
"V192",-0.00413686599362904
"V193",0.000399092497468624
"V194",0.00119986972308382
"V195",0
"V196",0
"V197",0
"V198",0
"V199",0
"V200",0
"V201",0
"V202",0
"V203",0
"V204",0
"V205",-0.000678854608728608
"V206",-0.00194871919524604
"V207",0
"V208",0
"V209",-0.000758409148044917
"V210",8.00738808340532e-05
"V211",5.40455623741806e-05
"V212",0
"V213",0
"V214",0
"V215",0
"V216",0
"V217",0
"V218",0.000112709697846212
"V219",0
"V220",-0.000149721059930519
"V221",-1.41393881093147e-05
"V222",0
"V223",0.0013158808645786
"V224",0
"V225",-0.00149942181118875
"V226",0
"V227",0.000577736747359217
"V228",0
"V229",-0.000416942525149569
"V230",0
"V231",0
"V232",0
"V233",-0.000127752603569078
"V234",0
"V235",0
"V236",-0.000694060478965901
"V237",0
"V238",0
"V239",0
"V240",0
"V241",0
"V242",0
"V243",0
"V244",0
"V245",-0.000488611518115326
"V246",0
"V247",0
"V248",0
"V249",0
"V250",0
"V251",0
"V252",0
"V253",0.00108590364628747
"V254",0.000525334814756169
"V255",0
"V256",0
"V257",0.00170689717246336
"V258",0
"V259",0.000271150055210103
"V260",0
"V261",0.000546665241194837
"V262",0
"V263",0
"V264",0
"V265",0
"V266",0.000406274220317511
"V267",0
"V268",-0.00100631616214037
"V269",0
"V270",0
"V271",0
"V272",0
"V273",0
"V274",-1.02167788608292e-05
"V275",0
"V276",0
"V277",0
"V278",0
"V279",0
"V280",0
"V281",0
"V282",0.00102949244579435
"V283",0
"V284",0
"V285",0
"V286",0
"V287",0
"V288",0
"V289",0
"V290",2.10873894153724e-05
"V291",0
"V292",0
"V293",0
"V294",0
"V295",0.000639215085807989
"V296",0
"V297",0
"V298",0
"V299",0
"V300",0
"V301",0
"V302",0
"V303",0
"V304",-0.000252975165720881
"V305",0
"V306",0
"V307",0
"V308",0
"V309",0
"V310",0
"V311",0
"V312",0
"V313",-0.000516772517966267
"V314",0
"V315",0.000561855290189343
"V316",0.000423777120437362
"V317",0
"V318",0.000765628173412909
"V319",0
"V320",0
"V321",0
"V322",-6.74395404378705e-06
"V323",0.000406057494597965
"V324",0
"V325",0
"V326",0
"V327",0
"V328",0
"V329",0
"V330",0
"V331",0
"V332",-0.000842062460060725
"V333",0
"V334",0
"V335",0
"V336",-0.000664101860654539
"V337",0
"V338",0
"V339",0
"V340",0
"V341",0
"V342",0.00174527443322593
"V343",0
"V344",0
"V345",0
"V346",0
"V347",0
"V348",0
"V349",0
"V350",-0.00144158946538434
"V351",0
"V352",2.4993604258856e-05
"V353",0
"V354",0
"V355",0.00130108291816293
"V356",0
"V357",-0.00106490467485355
"V358",0
"V359",0
"V360",-0.00119402170695293
"V361",0
"V362",0
"V363",-0.00231777234512909
"V364",0
"V365",0.00114308826064374
"V366",0
"V367",0
"V368",-0.000140159511974549
"V369",0
"V370",0
"V371",0
"V372",0
"V373",0.000636296375845377
"V374",0
"V375",0
"V376",0
"V377",0
"V378",0
"V379",0
"V380",0
"V381",0
"V382",0
"V383",-0.000533497607908208
"V384",-0.000380348120622974
"V385",-0.00139507934560802
"V386",0
"V387",-9.60028981887644e-05
"V388",-0.00120371978381598
"V389",7.93011721577476e-05
"V390",0
"V391",0
"V392",0
"V393",0
"V394",0
"V395",-0.000672995906994158
"V396",0.000234287491361865
"V397",0
"V398",-0.00100714369444369
"V399",-0.00323126660253877
"V400",0
"V401",0
"V402",0.000163334921317578
"V403",0
"V404",0
"V405",0
"V406",0
"V407",-0.000777402286312199
"V408",-0.000220512295400732
"V409",0
"V410",0
"V411",0
"V412",0
"V413",0
"V414",0.00103664240188246
"V415",-0.000860581493241073
"V416",0
"V417",0
"V418",0
"V419",0
"V420",0
"V421",0
"V422",0
"V423",0
"V424",0
"V425",0
"V426",0.000331179583004624
"V427",0
"V428",0
"V429",0
"V430",0
"V431",0
"V432",0
"V433",0
"V434",0
"V435",0
"V436",0
"V437",0
"V438",0
"V439",0
"V440",-0.0009619212341846
"V441",0.00107501034309067
"V442",0
"V443",0.000324368829339653
"V444",0
"V445",0
"V446",0
"V447",-0.000375721184379354
"V448",0
"V449",0
"V450",0
"V451",0
"V452",0
"V453",0.000805727574603428
"V454",0
"V455",0
"V456",0
"V457",0
"V458",-8.75777514873022e-05
"V459",0
"V460",0
"V461",0
"V462",0
"V463",0
"V464",0
"V465",0.000541245546651088
"V466",0
"V467",-0.000338588086670249
"V468",0
"V469",0
"V470",0
"V471",0
"V472",0
"V473",0.000486728496711796
"V474",0
"V475",0
"V476",0.000628376236026243
"V477",0
"V478",0
"V479",0
"V480",0
"V481",0
"V482",0
"V483",-0.000239789020325088
"V484",0
"V485",0
"V486",-0.000846143578289147
"V487",0
"V488",0
"V489",0
"V490",0
"V491",-0.000867682577054827
"V492",0
"V493",-0.000838531708394461
"V494",0
"V495",0
"V496",-0.000826043294383989
"V497",0.000310192353174755
"V498",0
"V499",-0.00284127653666775
"V500",0.00133928901561475
"V501",0
"V502",0
"V503",0
"V504",0
"V505",0
"V506",0
"V507",0
"V508",0
"V509",-0.00104669514533348
"V510",0
"V511",0
"V512",0
"V513",0.000300215487421343
"V514",0
"V515",0
"V516",0
"V517",-0.00420790969176218
"V518",-0.000770890743299364
"V519",0
"V520",0.000696278514850809
"V521",0
"V522",-0.00146213171655399
"V523",0
"V524",0
"V525",0
"V526",0
"V527",0.00209975480890784
"V528",0
"V529",0.000921754017889727
"V530",0
"V531",0
"V532",-0.000849871245037239
"V533",0
"V534",0
"V535",0
"V536",0
"V537",-0.000154621563477619
"V538",0
"V539",-0.00119949572088606
"V540",0
"V541",0
"V542",-0.000612283250866512
"V543",-0.000113156017811115
"V544",-0.000958571522618154
"V545",-0.000590608292690827
"V546",0
"V547",0
"V548",0
"V549",0
"V550",0
"V551",0
"V552",0
"V553",0
"V554",0
"V555",0
"V556",-2.82994478189595e-06
"V557",0
"V558",0
"V559",0
"V560",0
"V561",-0.000374832514703808
"V562",0
"V563",0
"V564",0
"V565",0.000113873224600888
"V566",-0.000727124176375522
"V567",0
"V568",0
"V569",0
"V570",0
"V571",-0.00120889280113229
"V572",-0.00100761637010995
"V573",0
"V574",0
"V575",0
"V576",0
"V577",0
"V578",0
"V579",0
"V580",-0.00255726760043474
"V581",0
"V582",0
"V583",-0.000644184455740031
"V584",0
"V585",0
"V586",0
"V587",0.000827638251308681
"V588",0
"V589",0
"V590",0
"V591",0
"V592",0
"V593",0
"V594",0
"V595",0
"V596",-0.000164664953253609
"V597",0
"V598",0
"V599",0
"V600",0.00164028464661173
"V601",0
"V602",0
"V603",0
"V604",0
"V605",0
"V606",0
"V607",0.00183288125724113
"V608",0
"V609",0
"V610",0
"V611",0
"V612",0
"V613",0.000348113649572177
"V614",0
"V615",0.00110970325765093
"V616",0
"V617",0
"V618",0
"V619",0
"V620",0.000690100147214112
"V621",0
"V622",0
"V623",0
"V624",0
"V625",0
"V626",0
"V627",-0.00121762654532673
"V628",0
"V629",0.00166953143595449
"V630",0
"V631",0.000816732465397352
"V632",0.000787695737243032
"V633",0
"V634",0
"V635",0
"V636",0
"V637",0
"V638",0.00145926159429363
"V639",0
"V640",0
"V641",0
"V642",0
"V643",0
"V644",0
"V645",0
"V646",0
"V647",0
"V648",0
"V649",-0.000616784350407517
"V650",0
"V651",0
"V652",0
"V653",0
"V654",0
"V655",0
"V656",0
"V657",0
"V658",-0.000808936873514409
"V659",-0.00096709602653339
"V660",0
"V661",0
"V662",0
"V663",0
"V664",0
"V665",0
"V666",0.00071807466141807
"V667",0
"V668",0
"V669",0
"V670",0
"V671",0
"V672",0
"V673",0
"V674",0.00223256788630314
"V675",0
"V676",0.00030150146594315
"V677",0
"V678",0.000738977843390432
"V679",0
"V680",0
"V681",0
"V682",0
"V683",0
"V684",0
"V685",0
"V686",0.000302392074487758
"V687",0
"V688",0
"V689",0
"V690",0
"V691",0
"V692",-0.00031711859582333
"V693",0
"V694",0
"V695",0
"V696",0
"V697",0.000434430213632178
"V698",0
"V699",0
"V700",0
"V701",0
"V702",0
"V703",0
"V704",0
"V705",0
"V706",0
"V707",0.000980768031855546
"V708",0
"V709",0
"V710",0
"V711",0
"V712",0
"V713",0
"V714",0
"V715",0
"V716",0
"V717",0
"V718",0
"V719",0
"V720",0
"V721",0
"V722",0
"V723",-0.000505937965436458
"V724",0
"V725",0
"V726",0
"V727",0
"V728",0
"V729",-0.000210216435318573
"V730",0
"V731",0
"V732",0
"V733",0
"V734",0
"V735",-0.00111253038791736
"V736",-0.00119737294468566
"V737",0
"V738",0
"V739",0
"V740",0.000609807857973074
"V741",0
"V742",0
"V743",0
"V744",0
"V745",-0.000472942624235522
"V746",0
"V747",-0.00149130108257992
"V748",-0.000432859366174853
"V749",0
"V750",-0.000510016090390116
"V751",3.41381859014059e-05
"V752",0
"V753",0
"V754",0
"V755",0
"V756",0
"V757",0
"V758",-0.00085593102353232
"V759",0
"V760",0
"V761",0
"V762",0
"V763",0
"V764",0
"V765",0
"V766",0
"V767",0.00110675160456698
"V768",0
"V769",0.00020112353497372
"V770",-0.000839862074784742
"V771",0
"V772",0
"V773",0
"V774",0
"V775",0
"V776",0
"V777",0
"V778",0
"V779",0
"V780",-0.00093244313009604
"V781",-0.0010295122436027
"V782",0
"V783",0
"V784",0
"V785",0
"V786",0
"V787",0
"V788",0
"V789",0.000898915045000723
"V790",0
"V791",0
"V792",-0.000940423842695676
"V793",0.00124634482976778
"V794",0
"V795",0
"V796",0
"V797",-0.000492664230517703
"V798",0
"V799",0
"V800",0
"V801",0
"V802",0
"V803",-0.00154839550137979
"V804",0
"V805",0
"V806",-0.000771477464581172
"V807",0
"V808",0.000397312813985282
"V809",-0.000942968762975406
"V810",0
"V811",0
"V812",0
"V813",-0.000152148027278848
"V814",0
"V815",0
"V816",0
"V817",0.000361143382082117
"V818",-0.000984779561079506
"V819",-7.43163545149427e-05
"V820",0
"V821",0
"V822",0
"V823",0.000359486101935409
"V824",0
"V825",0
"V826",0
"V827",-6.85653449160266e-05
"V828",0
"V829",0
"V830",0
"V831",0
"V832",0
"V833",0
"V834",0
"V835",0
"V836",0
"V837",-0.000685352841130804
"V838",0.00169033514055642
"V839",0
"V840",0
"V841",0
"V842",0
"V843",0
"V844",0
"V845",0
"V846",0
"V847",0.0014790889133708
"V848",0
"V849",0
"V850",0.000126758000103773
"V851",-0.000151534525715649
"V852",-0.0011522929081228
"V853",0
"V854",0.000305142013577036
"V855",0
"V856",0
"V857",0
"V858",0
"V859",0
"V860",0
"V861",0
"V862",0
"V863",0.00126673831214056
"V864",0
"V865",0
"V866",0
"V867",0
"V868",0
"V869",0
"V870",0
"V871",0
"V872",0
"V873",0
"V874",0.000174452367446542
"V875",0.00228885940674914
"V876",0
"V877",0
"V878",-0.000681986206812101
"V879",0
"V880",0
"V881",-0.00159216527502147
"V882",0
"V883",0
"V884",0
"V885",0
"V886",0
"V887",0
"V888",0
"V889",0
"V890",-0.000711410120061039
"V891",0
"V892",0
"V893",0
"V894",0
"V895",0
"V896",0
"V897",0
"V898",0
"V899",-0.000375431484836601
"V900",0
"V901",0
"V902",0
"V903",0
"V904",-5.56279590461864e-05
"V905",0
"V906",-0.000297567354242044
"V907",0
"V908",0
"V909",0
"V910",0.000863533404304551
"V911",-0.000214392029083765
"V912",0
"V913",0
"V914",0
"V915",0
"V916",0
"V917",0
"V918",0
"V919",-0.000660452609134345
"V920",-0.00290386989696229
"V921",0
"V922",0
"V923",0
"V924",0
"V925",0
"V926",0
"V927",0.000202040793903911
"V928",0
"V929",0
"V930",0
"V931",0
"V932",0
"V933",0
"V934",0
"V935",0.000248997767504447
"V936",0
"V937",-0.0017854860077688
"V938",-0.000305206442257189
"V939",0
"V940",0
"V941",0.00244603892006835
"V942",-0.000442890230348054
"V943",0
"V944",-0.00137453941006369
"V945",0
"V946",0
"V947",0
"V948",0
"V949",0
"V950",0
"V951",0
"V952",0
"V953",0
"V954",0
"V955",0
"V956",-0.00103345646356604
"V957",0.000159949929579748
"V958",0
"V959",0
"V960",0
"V961",0
"V962",0
"V963",0
"V964",0
"V965",0
"V966",0
"V967",0
"V968",0
"V969",0
"V970",0.000204529226925213
"V971",0
"V972",-0.0033247209839973
"V973",0
"V974",0
"V975",0.000390767543275134
"V976",0
"V977",-0.00123280909977345
"V978",-0.000244137060153466
"V979",0
"V980",0
"V981",-6.55351634621327e-05
"V982",0
"V983",0
"V984",0
"V985",0
"V986",-0.00111991656442379
"V987",0
"V988",0
"V989",0
"V990",-0.000818325261858901
"V991",0
"V992",-0.000290397067479266
"V993",-0.000493220259566876
"V994",0
"V995",0
"V996",0
"V997",0
"V998",0
"V999",0
"V1000",0
"V1001",0
"V1002",0
"V1003",0.00139825683625373
"V1004",0
"V1005",0
"V1006",0
"V1007",0
"V1008",-0.000863857043062974
"V1009",0
"V1010",0
"V1011",0
"V1012",0.00143466686470591
"V1013",-3.37220324071966e-05
"V1014",-0.000294829416507031
"V1015",0
"V1016",0
"V1017",-0.000394187428236476
"V1018",0
"V1019",-0.00353992496190611
"V1020",0.00144254663419762
"V1021",0
"V1022",-0.00036053620491097
"V1023",-0.000517191189686267
"V1024",0
"V1025",0
"V1026",0.000260274132999061
"V1027",0.00109653900380495
"V1028",0
"V1029",0
"V1030",0
"V1031",-0.000702411069854007
"V1032",0
"V1033",0
"V1034",-0.000897940690304748
"V1035",-0.00104451525133296
"V1036",0
"V1037",0
"V1038",0
"V1039",-0.00092504971430849
"V1040",0.000502902462016703
"V1041",0
"V1042",0
"V1043",-0.00127518275253117
"V1044",0
"V1045",0
"V1046",0
"V1047",0
"V1048",0
"V1049",0
"V1050",0
"V1051",0
"V1052",0
"V1053",0
"V1054",0
"V1055",0
"V1056",0
"V1057",0
"V1058",0
"V1059",0
"V1060",-0.000777912443705987
"V1061",0
"V1062",-0.00157335784667949
"V1063",0
"V1064",-0.00050078379851143
"V1065",0
"V1066",-0.000801502514509465
"V1067",0
"V1068",0
"V1069",0
"V1070",0
"V1071",0
"V1072",0
"V1073",0
"V1074",0
"V1075",0
"V1076",0
"V1077",0
"V1078",0
"V1079",0
"V1080",-6.53702818410334e-05
"V1081",0
"V1082",0
"V1083",0
"V1084",0
"V1085",0
"V1086",-0.00158429285927096
"V1087",-0.00142350832158209
"V1088",0.00119675659547634
"V1089",-0.000823661095831307
"V1090",0.00113355565390711
"V1091",0
"V1092",-0.00164610158685904
"V1093",0
"V1094",0
"V1095",0.000598134134611799
"V1096",0
"V1097",0
"V1098",0
"V1099",0
"V1100",0
"V1101",0
"V1102",0.00187104483768098
"V1103",0
"V1104",0
"V1105",0
"V1106",0.000696632831729419
"V1107",0
"V1108",0
"V1109",0
"V1110",0
"V1111",0
"V1112",0
"V1113",0
"V1114",0
"V1115",0
"V1116",0
"V1117",0
"V1118",0
"V1119",0
"V1120",0
"V1121",0
"V1122",0
"V1123",0
"V1124",0
"V1125",0
"V1126",0
"V1127",0
"V1128",-0.000531628328739534
"V1129",0
"V1130",0
"V1131",0.000897051150325119
"V1132",0
"V1133",0
"V1134",0
"V1135",0
"V1136",0
"V1137",-5.91419751922898e-05
"V1138",0
"V1139",0
"V1140",0.000378630326399202
"V1141",0
"V1142",0
"V1143",0.0010731176215185
"V1144",0
"V1145",-0.000446172928256551
"V1146",0
"V1147",-0.00138879584875183
"V1148",0
"V1149",0.000248463384219593
"V1150",0
"V1151",0
"V1152",0
"V1153",0
"V1154",0.00164880421385847
"V1155",0
"V1156",0
"V1157",0
"V1158",0
"V1159",0
"V1160",0
"V1161",0
"V1162",0
"V1163",0
"V1164",0
"V1165",0
"V1166",0
"V1167",0
"V1168",0
"V1169",-0.000700838019320969
"V1170",0
"V1171",0
"V1172",0
"V1173",0
"V1174",0
"V1175",0
"V1176",0
"V1177",0
"V1178",0
"V1179",0
"V1180",0
"V1181",0
"V1182",0.00021207490178618
"V1183",0
"V1184",0.00118280251000259
"V1185",0
"V1186",0.000335377269608761
"V1187",0
"V1188",0
"V1189",0
"V1190",0
"V1191",-0.00128971528411383
"V1192",-0.000733343900473435
"V1193",0
"V1194",0
"V1195",0
"V1196",0
"V1197",0
"V1198",0
"V1199",0
"V1200",0.00106567971603294
"V1201",0
"V1202",-0.0017746457533969
"V1203",0
"V1204",0
"V1205",0
"V1206",0
"V1207",0
"V1208",-0.00137222337372757
"V1209",-0.000194103896451239
"V1210",0
"V1211",0
"V1212",0
"V1213",0
"V1214",0
"V1215",0
"V1216",0
"V1217",0
"V1218",-0.000244864637843729
"V1219",0
"V1220",0
"V1221",0
"V1222",0
"V1223",0
"V1224",0
"V1225",0
"V1226",0
"V1227",0
"V1228",-0.0010800378032386
"V1229",0
"V1230",0
"V1231",0
"V1232",0
"V1233",0
"V1234",0
"V1235",0
"V1236",0
"V1237",0
"V1238",0.000723004556849944
"V1239",0
"V1240",0
"V1241",0
"V1242",0
"V1243",-6.53703754891484e-05
"V1244",0
"V1245",0
"V1246",0.000474275507049948
"V1247",0
"V1248",0.001094896141592
"V1249",-0.000838156834265853
"V1250",0
"V1251",0.000296666069961341
"V1252",0.00199399424895956
"V1253",0
"V1254",0
"V1255",-0.000698004744771534
"V1256",0.000708806006618358
"V1257",0
"V1258",0
"V1259",-0.00196620626075594
"V1260",0
"V1261",0
"V1262",0.000157631446097708
"V1263",0
"V1264",0
"V1265",-0.0036716049970561
"V1266",-0.000133449576754706
"V1267",0
"V1268",0.000299940208030773
"V1269",0.000112787636699566
"V1270",0
"V1271",0
"V1272",-0.00144037882321074
"V1273",0.000878130435099879
"V1274",-0.0011110900954275
"V1275",0
"V1276",0
"V1277",0
"V1278",0
"V1279",0
"V1280",0
"V1281",0
"V1282",0
"V1283",0
"V1284",0
"V1285",0
"V1286",0.0008309765260004
"V1287",0
"V1288",0
"V1289",0
"V1290",0
"V1291",0
"V1292",0
"V1293",-0.000289698652792494
"V1294",-0.000722898150345759
"V1295",0
"V1296",0
"V1297",0
"V1298",0
"V1299",0
"V1300",0
"V1301",0
"V1302",0
"V1303",-0.000478215356455676
"V1304",0
"V1305",0.000675947968931326
"V1306",0
"V1307",0
"V1308",0
"V1309",0
"V1310",0
"V1311",0
"V1312",0
"V1313",0
"V1314",0
"V1315",0
"V1316",0
"V1317",0.000590226171851044
"V1318",0
"V1319",0.000558863059322674
"V1320",-0.00140719917221901
"V1321",0
"V1322",0
"V1323",0
"V1324",0.000972495656177621
"V1325",0
"V1326",0
"V1327",0
"V1328",0.000504083128499851
"V1329",0
"V1330",-0.000340432899730699
"V1331",0
"V1332",0
"V1333",-0.000438349524903214
"V1334",0
"V1335",0
"V1336",0
"V1337",0
"V1338",0
"V1339",0
"V1340",0
"V1341",0
"V1342",0
"V1343",0
"V1344",0.000180472381932488
"V1345",0
"V1346",0
"V1347",0
"V1348",-0.000545272640827051
"V1349",0
"V1350",0
"V1351",0
"V1352",0
"V1353",0
"V1354",0
"V1355",0
"V1356",0.00114099205037173
"V1357",0
"V1358",0
"V1359",0
"V1360",0.000680813718909755
"V1361",0
"V1362",0
"V1363",0
"V1364",0
"V1365",0
"V1366",0
"V1367",0
"V1368",0
"V1369",0.000258335457592401
"V1370",0
"V1371",0
"V1372",0
"V1373",0
"V1374",0
"V1375",0
"V1376",0
"V1377",0
"V1378",0
"V1379",0
"V1380",-0.000131127272597019
"V1381",0
"V1382",0
"V1383",0
"V1384",0
"V1385",0
"V1386",0
"V1387",0
"V1388",0
"V1389",0
"V1390",-0.000646923439663246
"V1391",0
"V1392",0
"V1393",0
"V1394",0
"V1395",0
"V1396",0
"V1397",0
"V1398",0
"V1399",-0.000490452532523029
"V1400",0
"V1401",0
"V1402",0
"V1403",-0.00111893730594627
"V1404",-0.000551660190660581
"V1405",0
"V1406",0
"V1407",0
"V1408",0
"V1409",-0.00246802681491895
"V1410",0
"V1411",0
"V1412",0
"V1413",-0.000449549278978235
"V1414",0
"V1415",0
"V1416",-0.000235777617531953
"V1417",0
"V1418",-0.000663438492144665
"V1419",-0.00033202037262902
"V1420",0
"V1421",0
"V1422",0
"V1423",0.000743481364730814
"V1424",0
"V1425",0
"V1426",0.000361841023180277
"V1427",0
"V1428",0
"V1429",-0.000160125675463182
"V1430",0
"V1431",-0.00122466381180788
"V1432",0
"V1433",-4.41786630302277e-05
"V1434",0
"V1435",-0.00353231664424523
"V1436",0
"V1437",-0.00103333533175086
"V1438",0
"V1439",0
"V1440",0
"V1441",0
"V1442",0
"V1443",0
"V1444",0
"V1445",-6.578507349421e-05
"V1446",0
"V1447",0
"V1448",0
"V1449",-0.000663243527352919
"V1450",0
"V1451",0
"V1452",0
"V1453",0
"V1454",-0.00039882821549577
"V1455",0
"V1456",0
"V1457",0.00123633534261466
"V1458",0
"V1459",-0.000691386197137313
"V1460",0
"V1461",-0.000781196667707354
"V1462",0
"V1463",0.00011898413874474
"V1464",0
"V1465",0
"V1466",0
"V1467",0
"V1468",0.000620407810112132
"V1469",0
"V1470",0
"V1471",-0.000475949251283779
"V1472",-0.00174332332296777
"V1473",0
"V1474",-0.00076740601599605
"V1475",0
"V1476",0
"V1477",0
"V1478",0
"V1479",0
"V1480",0
"V1481",-0.0023801215206953
"V1482",0.00100553742296347
"V1483",0
"V1484",0
"V1485",0
"V1486",0
"V1487",0
"V1488",0
"V1489",0
"V1490",0
"V1491",0
"V1492",-0.000647540511348017
"V1493",-0.000431107836255138
"V1494",0.000418606977955379
"V1495",0
"V1496",0
"V1497",-0.00103110818987331
"V1498",-0.00045143402211785
"V1499",0
"V1500",0
"V1501",-0.000372671604562352
"V1502",0
"V1503",0
"V1504",0
"V1505",0.00117584611698746
"V1506",0.00224982591195949
"V1507",-0.00116951521058022
"V1508",0
"V1509",-0.00299495840983555
"V1510",0
"V1511",0
"V1512",0
"V1513",0
"V1514",0
"V1515",-0.0017705415071823
"V1516",0
"V1517",0
"V1518",0
"V1519",0.00031626408501118
"V1520",0
"V1521",0
"V1522",0
"V1523",-0.000129039478683095
"V1524",0.0012625641613687
"V1525",0
"V1526",0
"V1527",0
"V1528",0
"V1529",0
"V1530",0
"V1531",0
"V1532",0
"V1533",0
"V1534",0
"V1535",0
"V1536",-0.00046117443021239
"V1537",0
"V1538",-0.0014158173385219
"V1539",0
"V1540",0
"V1541",0.00118551607064753
"V1542",-0.00268091427701488
"V1543",0
"V1544",0
"V1545",0
"V1546",0
"V1547",0
"V1548",0
"V1549",0
"V1550",0
"V1551",0
"V1552",0
"V1553",0
"V1554",0
"V1555",0
"V1556",0
"V1557",0
"V1558",0
"V1559",0
"V1560",0
"V1561",0
"V1562",0.00127444740442488
"V1563",-0.00120794957987584
"V1564",0
"V1565",0
"V1566",0
"V1567",0
"V1568",0
"V1569",-0.000198611525827313
"V1570",-4.74053262607597e-05
"V1571",0
"V1572",0
"V1573",0
"V1574",-0.00191170470576122
"V1575",0
"V1576",0
"V1577",0
"V1578",-0.00165584238317041
"V1579",0
"V1580",0
"V1581",0
"V1582",0
"V1583",0
"V1584",0
"V1585",0
"V1586",-0.000425311015594372
"V1587",0
"V1588",0.00202183602336733
"V1589",0
"V1590",0
"V1591",0
"V1592",0
"V1593",0
"V1594",0
"V1595",0
"V1596",0
"V1597",0
"V1598",-0.000860719656149461
"V1599",0
"V1600",0
"V1601",0
"V1602",0
"V1603",0
"V1604",0
"V1605",0
"V1606",-0.000259304953812007
"V1607",0
"V1608",0
"V1609",0
"V1610",0
"V1611",0
"V1612",0
"V1613",0
"V1614",0
"V1615",0
"V1616",0.00139714882466233
"V1617",0
"V1618",0
"V1619",0
"V1620",0
"V1621",0
"V1622",0
"V1623",0.0011506919783069
"V1624",0
"V1625",0
"V1626",0.00101890213272087
"V1627",0
"V1628",0
"V1629",0
"V1630",-0.000509091880739654
"V1631",0
"V1632",0
"V1633",-0.00125800277798228
"V1634",0
"V1635",0
"V1636",0.00138258014890099
"V1637",0
"V1638",0
"V1639",0
"V1640",0
"V1641",0
"V1642",-0.00127751973439877
"V1643",0
"V1644",-0.000181256324468502
"V1645",0
"V1646",0
"V1647",0
"V1648",0
"V1649",0
"V1650",0
"V1651",-0.00069561452861859
"V1652",0
"V1653",0
"V1654",-0.000533654749727094
"V1655",0
"V1656",-0.000451397584774508
"V1657",-0.000915691612318301
"V1658",0
"V1659",0
"V1660",0
"V1661",0
"V1662",-9.988614216152e-05
"V1663",-0.000557891177578982
"V1664",0.00094312100484496
"V1665",0
"V1666",0
"V1667",0.00260334212763197
"V1668",0
"V1669",0
"V1670",0.000564067392185577
"V1671",0
"V1672",0
"V1673",0
"V1674",0
"V1675",0
"V1676",0
"V1677",0
"V1678",0
"V1679",0
"V1680",0
"V1681",0
"V1682",-0.000625362015888339
"V1683",0
"V1684",0
"V1685",0
"V1686",0
"V1687",0
"V1688",0.000774491326704876
"V1689",-0.000932257284158359
"V1690",0
"V1691",0
"V1692",0
"V1693",0
"V1694",0
"V1695",0
"V1696",0
"V1697",0
"V1698",0
"V1699",0
"V1700",0
"V1701",0
"V1702",0
"V1703",-0.000903237419679058
"V1704",0
"V1705",0
"V1706",0
"V1707",0
"V1708",0.000250866996733484
"V1709",0.000935085026378851
"V1710",-0.00136087120068371
"V1711",0
"V1712",0.000102783915126263
"V1713",-0.000739147138186521
"V1714",0.000813305227708129
"V1715",0
"V1716",-0.00057101266510744
"V1717",0.00032200041886369
"V1718",0
"V1719",0
"V1720",0
"V1721",0
"V1722",0
"V1723",0
"V1724",-0.000930721525843809
"V1725",0
"V1726",0
"V1727",0
"V1728",0
"V1729",-0.000382239432400492
"V1730",0
"V1731",0
"V1732",0
"V1733",0
"V1734",0
"V1735",0
"V1736",0
"V1737",0
"V1738",0
"V1739",0
"V1740",0
"V1741",0
"V1742",0.000276585367651929
"V1743",0
"V1744",0.00136653771300573
"V1745",0.000130227334166812
"V1746",0.000269704350493163
"V1747",0
"V1748",0
"V1749",0
"V1750",0
"V1751",0
"V1752",0
"V1753",0
"V1754",0
"V1755",0
"V1756",0
"V1757",0
"V1758",0
"V1759",0.000495477049759483
"V1760",0
"V1761",0
"V1762",0
"V1763",0
"V1764",0
"V1765",0
"V1766",0
"V1767",0
"V1768",0.000533839991806999
"V1769",0.00228009294073139
"V1770",0
"V1771",0
"V1772",0
"V1773",0
"V1774",0
"V1775",-0.000715839610620501
"V1776",0
"V1777",0
"V1778",0
"V1779",0
"V1780",0
"V1781",0
"V1782",0
"V1783",0
"V1784",0
"V1785",0
"V1786",-0.000848230559547163
"V1787",0
"V1788",0
"V1789",0
"V1790",0
"V1791",0
"V1792",0.00149083301902577
"V1793",0
"V1794",0
"V1795",0
"V1796",0
"V1797",0
"V1798",0
"V1799",0
"V1800",0
"V1801",0
"V1802",0
"V1803",0
"V1804",0
"V1805",0
"V1806",0
"V1807",0
"V1808",-0.000689823340458631
"V1809",0
"V1810",0
"V1811",0
"V1812",0
"V1813",0
"V1814",0.00166563800691511
"V1815",0
"V1816",0
"V1817",0
"V1818",0
"V1819",-0.00170380169187849
"V1820",0
"V1821",0
"V1822",-0.00124042118926459
"V1823",0
"V1824",0
"V1825",0
"V1826",-0.000481851425897314
"V1827",0
"V1828",0.000389373956844497
"V1829",0
"V1830",0
"V1831",0
"V1832",0
"V1833",0
"V1834",0
"V1835",0
"V1836",0
"V1837",0
"V1838",0
"V1839",0
"V1840",0
"V1841",0
"V1842",0
"V1843",0
"V1844",0
"V1845",0
"V1846",0
"V1847",0
"V1848",0
"V1849",0
"V1850",0
"V1851",0
"V1852",-0.0109835885094865
"V1853",0
"V1854",0
"V1855",0
"V1856",0
"V1857",0.00108381350482129
"V1858",0
"V1859",0
"V1860",0
"V1861",0
"V1862",-0.000481020191125423
"V1863",0.00125251208107822
"V1864",0.000567009351832913
"V1865",-0.000838659652597877
"V1866",0
"V1867",-0.00106835634312387
"V1868",-0.000939410378728646
"V1869",0
"V1870",0
"V1871",0
"V1872",-0.00060448636683209
"V1873",0
"V1874",0
"V1875",0
"V1876",0
"V1877",0
"V1878",0
"V1879",0
"V1880",0
"V1881",0
"V1882",0
"V1883",0
"V1884",0
"V1885",0
"V1886",0
"V1887",0
"V1888",0
"V1889",0
"V1890",0
"V1891",0
"V1892",-0.000812106804411094
"V1893",0
"V1894",9.06938641209545e-05
"V1895",0
"V1896",0
"V1897",0
"V1898",0
"V1899",0
"V1900",0
"V1901",0
"V1902",-0.00106259020685189
"V1903",0
"V1904",0
"V1905",0
"V1906",0
"V1907",0
"V1908",0
"V1909",-0.000536481403406915
"V1910",0
"V1911",0
"V1912",0
"V1913",0
"V1914",0
"V1915",0
"V1916",0
"V1917",0
"V1918",0
"V1919",0
"V1920",0
"V1921",0.00113045121428246
"V1922",0
"V1923",0
"V1924",0
"V1925",0
"V1926",0.00144517102218186
"V1927",0
"V1928",0
"V1929",0
"V1930",0
"V1931",0
"V1932",0
"V1933",0
"V1934",0
"V1935",0.000713933531217853
"V1936",-0.00109303192852664
"V1937",0
"V1938",0
"V1939",0
"V1940",0
"V1941",-0.000504514967138208
"V1942",0
"V1943",0
"V1944",0
"V1945",-7.77585771126314e-05
"V1946",0
"V1947",0
"V1948",0
"V1949",0
"V1950",-0.00142618788727085
"V1951",0.00102447658494148
"V1952",0
"V1953",0
"V1954",0.00206769374423267
"V1955",0
"V1956",0
"V1957",0
"V1958",0
"V1959",0
"V1960",0
"V1961",-2.26155279128554e-06
"V1962",0
"V1963",0
"V1964",0
"V1965",0
"V1966",0
"V1967",0
"V1968",0
"V1969",0
"V1970",0
"V1971",0
"V1972",0
"V1973",0
"V1974",0
"V1975",0.00279218785709863
"V1976",0
"V1977",0
"V1978",0
"V1979",0
"V1980",0
"V1981",0
"V1982",0
"V1983",0
"V1984",0
"V1985",0
"V1986",-0.000170445790193528
"V1987",0
"V1988",0
"V1989",0
"V1990",0
"V1991",0
"V1992",0
"V1993",0
"V1994",0
"V1995",0
"V1996",0
"V1997",0
"V1998",0
"V1999",0
"V2000",0
"V2001",0
"V2002",0
"V2003",0
"V2004",0
"V2005",0
"V2006",0
"V2007",0
"V2008",0
"V2009",0
"V2010",0
"V2011",0
"V2012",0
"V2013",0
"V2014",0
"V2015",-0.00165990107485481
"V2016",0
"V2017",0
"V2018",0
"V2019",0
"V2020",-0.000242311111100992
"V2021",0
"V2022",0
"V2023",0
"V2024",0
"V2025",0
"V2026",0.000234629428085612
"V2027",0
"V2028",0
"V2029",0.000968811592934205
"V2030",-0.000159726928502387
"V2031",0
"V2032",0
"V2033",0
"V2034",0
"V2035",0
"V2036",0
"V2037",0
"V2038",-2.35575405521197e-05
"V2039",-0.000268289146778476
"V2040",0
"V2041",0
"V2042",1.54766684546992e-05
"V2043",0
"V2044",0
"V2045",-0.00197249158604373
"V2046",0.000787259113151343
"V2047",0
"V2048",0
"V2049",0
"V2050",0
"V2051",0
"V2052",0
"V2053",0
"V2054",0
"V2055",0
"V2056",0
"V2057",0
"V2058",0
"V2059",0
"V2060",0
"V2061",0
"V2062",0
"V2063",-0.000726554127122268
"V2064",0
"V2065",0
"V2066",0
"V2067",0
"V2068",0
"V2069",0
"V2070",0
"V2071",0
"V2072",0
"V2073",0
"V2074",0
"V2075",0
"V2076",-0.0014053725644989
"V2077",0
"V2078",0
"V2079",0
"V2080",-0.000385501153549527
"V2081",0
"V2082",0.00075359164066656
"V2083",0.00123161635840498
"V2084",0.00201006288673864
"V2085",0.000574987455594505
"V2086",0
"V2087",0
"V2088",0
"V2089",0
"V2090",0
"V2091",0
"V2092",0.000325243362152075
"V2093",0.000847127830035466
"V2094",0.000507587492941507
"V2095",0.00128609130621863
"V2096",0
"V2097",0
"V2098",0
"V2099",0
"V2100",0
"V2101",0.000428951078332398
"V2102",0.00081397546200323
"V2103",0
"V2104",0
"V2105",0
"V2106",0
"V2107",0
"V2108",-0.000161125644805394
"V2109",0
"V2110",0.000881565415834239
"V2111",0
"V2112",0
"V2113",0
"V2114",0
"V2115",0
"V2116",-0.00124285150024962
"V2117",0
"V2118",0
"V2119",0
"V2120",0.00055997897159595
"V2121",0
"V2122",0
"V2123",0
"V2124",0
"V2125",0
"V2126",0
"V2127",0.00189035467493977
"V2128",0
"V2129",0
"V2130",0
"V2131",0
"V2132",0.000750956067242712
"V2133",0
"V2134",0
"V2135",0
"V2136",0
"V2137",0.00426900013856147
"V2138",0
"V2139",0.000647165279999287
"V2140",0
"V2141",0
"V2142",0
"V2143",0
"V2144",0
"V2145",-0.00010211630493233
"V2146",0
"V2147",0
"V2148",0
"V2149",0
"V2150",0
"V2151",0
"V2152",0
"V2153",0
"V2154",0
"V2155",0
"V2156",0.000474053081768023
"V2157",0
"V2158",0.000631068996279304
"V2159",0
"V2160",0
"V2161",0
"V2162",0
"V2163",0
"V2164",0
"V2165",0
"V2166",0
"V2167",0
"V2168",0
"V2169",0
"V2170",-0.00021525880125733
"V2171",0
"V2172",-3.99815106672711e-05
"V2173",0
"V2174",0.00144447279082293
"V2175",0
"V2176",0.000527384732395302
"V2177",-0.00121857966186028
"V2178",0
"V2179",0
"V2180",0
"V2181",0
"V2182",0
"V2183",0
"V2184",0
"V2185",0.000259001352936599
"V2186",0
"V2187",0
"V2188",-0.000430527967651666
"V2189",0
"V2190",-0.000527572082091593
"V2191",0.000699069321548493
"V2192",0
"V2193",0
"V2194",0
"V2195",0
"V2196",0
"V2197",0
"V2198",0
"V2199",0
"V2200",0
"V2201",0
"V2202",0
"V2203",0
"V2204",-0.00110532933606375
"V2205",0
"V2206",0
"V2207",0
"V2208",0
"V2209",-0.000676410394552706
"V2210",0
"V2211",0
"V2212",0
"V2213",-0.000644683615199054
"V2214",0
"V2215",0
"V2216",0
"V2217",0
"V2218",0
"V2219",-0.000887015373282358
"V2220",0
"V2221",0
"V2222",0
"V2223",0
"V2224",0
"V2225",0
"V2226",0
"V2227",0
"V2228",0
"V2229",0.000689707894176297
"V2230",0
"V2231",0
"V2232",0
"V2233",0.000390818448925453
"V2234",0
"V2235",0
"V2236",0
"V2237",0
"V2238",0
"V2239",0
"V2240",0
"V2241",0
"V2242",0
"V2243",0
"V2244",0
"V2245",0
"V2246",0
"V2247",0
"V2248",0
"V2249",0
"V2250",0
"V2251",0
"V2252",0
"V2253",0
"V2254",0
"V2255",0.00167284964543628
"V2256",0
"V2257",0
"V2258",0
"V2259",0
"V2260",0
"V2261",0
"V2262",0
"V2263",0
"V2264",0
"V2265",0
"V2266",0
"V2267",0
"V2268",0
"V2269",-0.00110230221447923
"V2270",0
"V2271",0
"V2272",0
"V2273",8.58360569443734e-05
"V2274",0.000243778139134278
"V2275",0
"V2276",0
"V2277",0
"V2278",0
"V2279",0
"V2280",-0.00178030209436265
"V2281",0
"V2282",0
"V2283",0.001075680851966
"V2284",0
"V2285",0
"V2286",0
"V2287",0
"V2288",0
"V2289",0.000570564551652036
"V2290",0
"V2291",-0.000596943848363698
"V2292",-0.000149461798166869
"V2293",0
"V2294",0
"V2295",0
"V2296",0
"V2297",0
"V2298",0
"V2299",0
"V2300",0
"V2301",0
"V2302",0
"V2303",0
"V2304",0
"V2305",-0.00069041105984831
"V2306",0
"V2307",0
"V2308",0
"V2309",0
"V2310",0
"V2311",0
"V2312",0
"V2313",0.00172138098414614
"V2314",0
"V2315",0
"V2316",0
"V2317",0.000972914304003042
"V2318",-0.000336486467900624
"V2319",0
"V2320",0
"V2321",0
"V2322",-0.000542967471811653
"V2323",0
"V2324",0
"V2325",-0.000922858687419932
"V2326",-0.00130132796816853
"V2327",0
"V2328",0
"V2329",0.000264563854915855
"V2330",0.000377595761351227
"V2331",0
"V2332",0
"V2333",0.00106215307582305
"V2334",0
"V2335",0
"V2336",0
"V2337",0
"V2338",0
"V2339",0
"V2340",0
"V2341",0
"V2342",0
"V2343",0.000317032378626021
"V2344",0
"V2345",0
"V2346",-0.00170165245353574
"V2347",0
"V2348",0
"V2349",0
"V2350",0
"V2351",0
"V2352",0
"V2353",0
"V2354",0
"V2355",0
"V2356",0.000650996662062362
"V2357",0
"V2358",0
"V2359",0
"V2360",0
"V2361",0
"V2362",0
"V2363",0
"V2364",0
"V2365",0
"V2366",0
"V2367",0
"V2368",0
"V2369",0
"V2370",0
"V2371",-0.000793699544227103
"V2372",0
"V2373",0
"V2374",0
"V2375",0
"V2376",0
"V2377",0
"V2378",0
"V2379",0
"V2380",0
"V2381",0
"V2382",0
"V2383",0
"V2384",0
"V2385",0
"V2386",0
"V2387",0
"V2388",0
"V2389",0
"V2390",0.00279252431217089
"V2391",0
"V2392",0
"V2393",0
"V2394",0.00210788029453819
"V2395",-0.00122122882112982
"V2396",0
"V2397",-0.00152307037137106
"V2398",0
"V2399",0
"V2400",0
"V2401",0
"V2402",-0.000773648069040335
"V2403",-0.000911710128976057
"V2404",0
"V2405",0.000755362527209335
"V2406",0
"V2407",-0.000831388082065654
"V2408",0
"V2409",0
"V2410",0
"V2411",0
"V2412",0
"V2413",0.00309169286918993
"V2414",0
"V2415",0
"V2416",0
"V2417",0
"V2418",0.000103157153044662
"V2419",0
"V2420",0
"V2421",0
"V2422",0
"V2423",0
"V2424",0
"V2425",0.000528836965750246
"V2426",0
"V2427",0
"V2428",0
"V2429",0
"V2430",0
"V2431",0
"V2432",0
"V2433",0
"V2434",-6.91844076159634e-05
"V2435",0
"V2436",0
"V2437",0
"V2438",0
"V2439",0.00105125334331281
"V2440",0
"V2441",0
"V2442",0
"V2443",0
"V2444",0
"V2445",0
"V2446",0.000138606009529391
"V2447",-0.00313331504786828
"V2448",0
"V2449",-8.85115221406569e-05
"V2450",0
"V2451",0.000870147569662765
"V2452",0
"V2453",0
"V2454",0
"V2455",0
"V2456",-3.5394712565253e-05
"V2457",0
"V2458",-0.00135713198125592
"V2459",0
"V2460",-0.000500280976204051
"V2461",0.00091748767396666
"V2462",0
"V2463",-0.000919880640135115
"V2464",0
"V2465",0
"V2466",0
"V2467",0.00153977775421886
"V2468",-0.000733298281439763
"V2469",0
"V2470",0
"V2471",0
"V2472",0
"V2473",0
"V2474",0
"V2475",0
"V2476",0
"V2477",0
"V2478",0
"V2479",0
"V2480",-8.95046759742097e-05
"V2481",0
"V2482",0
"V2483",-0.00117831311095564
"V2484",0
"V2485",0
"V2486",0.000890165252433834
"V2487",0
"V2488",0
"V2489",0
"V2490",0
"V2491",0
"V2492",0
"V2493",-0.000124467695729059
"V2494",0
"V2495",0
"V2496",-6.64843152974962e-05
"V2497",-7.17425450432955e-05
"V2498",0
"V2499",0
"V2500",0
"V2501",0
"V2502",-0.00125123725375005
"V2503",0
"V2504",0
"V2505",0.00106845663704092
"V2506",0
"V2507",0
"V2508",0
"V2509",0
"V2510",-0.00255186729112631
"V2511",0
"V2512",0
"V2513",0
"V2514",0
"V2515",0.000136024723274488
"V2516",0
"V2517",0
"V2518",0
"V2519",0
"V2520",0
"V2521",0
"V2522",0
"V2523",0
"V2524",0
"V2525",0
"V2526",0.000313313157113287
"V2527",0
"V2528",0
"V2529",0.000340619539346069
"V2530",0
"V2531",0
"V2532",-0.00226829599179032
"V2533",0
"V2534",0
"V2535",-0.00151733874310922
"V2536",0
"V2537",-0.000637520509824275
"V2538",0
"V2539",0
"V2540",0
"V2541",-0.00164739772653421
"V2542",-0.000581458742633149
"V2543",0.000182284110174834
"V2544",0
"V2545",0
"V2546",0
"V2547",0
"V2548",0
"V2549",0
"V2550",0
"V2551",0
"V2552",0
"V2553",0
"V2554",0
"V2555",0.00144282768562166
"V2556",-0.000303752520147545
"V2557",0
"V2558",-0.00119409427539079
"V2559",0
"V2560",0
"V2561",0
"V2562",0
"V2563",0
"V2564",0
"V2565",0
"V2566",0
"V2567",0
"V2568",0
"V2569",0
"V2570",0
"V2571",0
"V2572",0
"V2573",0
"V2574",0
"V2575",0
"V2576",0
"V2577",0
"V2578",0
"V2579",0.00121737012791674
"V2580",0
"V2581",0
"V2582",0
"V2583",0
"V2584",0
"V2585",0
"V2586",0
"V2587",0
"V2588",0.000493521566711726
"V2589",1.86217992293901e-06
"V2590",0
"V2591",0
"V2592",0
"V2593",0
"V2594",0
"V2595",0
"V2596",0
"V2597",0
"V2598",0
"V2599",0
"V2600",0
"V2601",0
"V2602",0
"V2603",0
"V2604",0
"V2605",0
"V2606",0
"V2607",0.000590870771342772
"V2608",0
"V2609",0
"V2610",0
"V2611",0
"V2612",0
"V2613",0
"V2614",0
"V2615",0
"V2616",0
"V2617",0
"V2618",0
"V2619",0
"V2620",0
"V2621",0
"V2622",0
"V2623",0
"V2624",0
"V2625",0
"V2626",0
"V2627",0
"V2628",0
"V2629",0
"V2630",0
"V2631",0
"V2632",0
"V2633",0
"V2634",0
"V2635",0
"V2636",0
"V2637",0
"V2638",0
"V2639",0
"V2640",0
"V2641",0
"V2642",0
"V2643",0
"V2644",0
"V2645",0
"V2646",0
"V2647",0
"V2648",0
"V2649",0
"V2650",0
"V2651",0
"V2652",0
"V2653",0
"V2654",0
"V2655",0
"V2656",0
"V2657",0
"V2658",0
"V2659",0
"V2660",0
"V2661",0
"V2662",0
"V2663",0
"V2664",0
"V2665",0
"V2666",0
"V2667",0
"V2668",0
"V2669",0
"V2670",0
"V2671",0
"V2672",0
"V2673",0
"V2674",0
"V2675",0
"V2676",0
"V2677",0
"V2678",0
"V2679",0
"V2680",0
"V2681",0
"V2682",0
"V2683",0
"V2684",0
"V2685",0
"V2686",0
"V2687",0
"V2688",0
"V2689",0
"V2690",0
"V2691",0
"V2692",0
"V2693",0
"V2694",0
"V2695",0
"V2696",0
"V2697",0
"V2698",0
"V2699",0
"V2700",0
"V2701",0
"V2702",0
"V2703",0
"V2704",0
"V2705",0
"V2706",0
"V2707",0
"V2708",0
"V2709",0
"V2710",0
"V2711",0
"V2712",0
"V2713",0
"V2714",0
"V2715",0
"V2716",0
"V2717",0
"V2718",0
"V2719",0
"V2720",0
"V2721",0
"V2722",0
"V2723",0
"V2724",0
"V2725",0
"V2726",0
"V2727",0
"V2728",0
"V2729",0
"V2730",0
"V2731",0
"V2732",0
"V2733",0
"V2734",0
"V2735",0
"V2736",0
"V2737",0
"V2738",0
"V2739",0
"V2740",0
"V2741",0
"V2742",0
"V2743",0
"V2744",0
"V2745",0
"V2746",0
"V2747",0
"V2748",0
"V2749",0
"V2750",0
"V2751",0
"V2752",0
"V2753",0
"V2754",0
"V2755",0
"V2756",0
"V2757",0
"V2758",0
"V2759",0
"V2760",0
"V2761",0
"V2762",0
"V2763",0
"V2764",0
"V2765",0
"V2766",0
"V2767",0
"V2768",0
"V2769",0
"V2770",0
"V2771",0
"V2772",0
"V2773",0
"V2774",0
"V2775",0
"V2776",0
"V2777",0
"V2778",0
"V2779",0
"V2780",0
"V2781",0
"V2782",0
"V2783",-0.00148388712481593
"V2784",0
"V2785",0.00110288792084078
"V2786",0
"V2787",0
"V2788",0
"V2789",0
"V2790",-0.000272171359797503
"V2791",0
"V2792",-0.00130214021627139
"V2793",0
"V2794",0.00087994074729084
"V2795",0
"V2796",0
"V2797",-0.000457472098611846
"V2798",0
"V2799",0.00264428624639163
"V2800",0
"V2801",0
"V2802",0
"V2803",0
"V2804",0
"V2805",0
"V2806",0
"V2807",-0.000974164197364824
"V2808",0
"V2809",0
"V2810",0
"V2811",0
"V2812",0
"V2813",0
"V2814",0
"V2815",0
"V2816",0
"V2817",0
"V2818",0
"V2819",0
"V2820",0
"V2821",-0.00360441741256771
"V2822",0
"V2823",0
"V2824",-0.000538814168974739
"V2825",0
"V2826",0
"V2827",0
"V2828",0.000815578718734631
"V2829",0
"V2830",0
"V2831",0
"V2832",0
"V2833",0
"V2834",-0.000471971471443507
"V2835",0
"V2836",0
"V2837",0
"V2838",0
"V2839",-0.0017403299390236
"V2840",0
"V2841",0
"V2842",0
"V2843",0
"V2844",0
"V2845",0.00033727479494219
"V2846",0
"V2847",0.00116518921598042
"V2848",0
"V2849",0.000608966895398609
"V2850",0
"V2851",0
"V2852",0
"V2853",0
"V2854",-9.52595852252925e-05
"V2855",0
"V2856",-0.000150881205706866
"V2857",0
"V2858",-0.000666097620536086
"V2859",0
"V2860",0
"V2861",-0.000346870300682016
"V2862",0
"V2863",0
"V2864",-0.000840354204958675
"V2865",0.000201169394965334
"V2866",0
"V2867",0
"V2868",0
"V2869",0
"V2870",0
"V2871",0.000480929051389049
"V2872",0
"V2873",0
"V2874",0.000396106143594233
"V2875",0
"V2876",0
"V2877",-0.00111475568137022
"V2878",0
"V2879",-0.00263982614754396
"V2880",0
"V2881",0
"V2882",0
"V2883",0.000638338112092874
"V2884",0
"V2885",0.000774386740413772
"V2886",0.000517405129558618
"V2887",0
"V2888",0.00301094853570564
"V2889",0
"V2890",0
"V2891",0
"V2892",0
"V2893",0
"V2894",0
"V2895",0
"V2896",0
"V2897",0
"V2898",0
"V2899",0
"V2900",0
"V2901",0
"V2902",0
"V2903",0
"V2904",0
"V2905",0
"V2906",0
"V2907",0
"V2908",0
"V2909",0
"V2910",0
"V2911",0
"V2912",0
"V2913",0
"V2914",0
"V2915",0
"V2916",0
"V2917",0
"V2918",0
"V2919",0
"V2920",0
"V2921",0
"V2922",0
"V2923",0
"V2924",0
"V2925",0
"V2926",1.08187008422772e-05
"V2927",0
"V2928",0
"V2929",-6.63155764636192e-05
"V2930",0
"V2931",0
"V2932",0
"V2933",0
"V2934",0
"V2935",0
"V2936",0
"V2937",0
"V2938",0
"V2939",0
"V2940",0
"V2941",0.000509252388535195
"V2942",0
"V2943",0
"V2944",0
"V2945",0.000267801223905885
"V2946",0
"V2947",0
"V2948",0
"V2949",-0.000466782554414569
"V2950",0
"V2951",0
"V2952",0
"V2953",0
"V2954",0
"V2955",0.000191147008313174
"V2956",0
"V2957",0
"V2958",0
"V2959",-0.000915812091376432
"V2960",0
"V2961",0
"V2962",-0.00137048146670678
"V2963",0.0030376766682176
"V2964",0
"V2965",-0.00172837581471017
"V2966",-0.000261433286920154
"V2967",-0.000351788441592937
"V2968",0
"V2969",0
"V2970",0
"V2971",0
"V2972",0
"V2973",0
"V2974",0
"V2975",0
"V2976",0
"V2977",0
"V2978",0
"V2979",0
"V2980",0
"V2981",0
"V2982",0
"V2983",0
"V2984",0.000837365263980111
"V2985",0
"V2986",-0.000296002874340047
"V2987",0.000800029417888875
"V2988",0.00131357662096883
"V2989",0
"V2990",0
"V2991",0
"V2992",-0.000573923004095837
"V2993",0
"V2994",0
"V2995",0
"V2996",0
"V2997",0
"V2998",0
"V2999",-0.00184595374269511
"V3000",0
"V3001",0
"V3002",0
"V3003",0
"V3004",0
"V3005",0.000454380122164934
"V3006",0
"V3007",0
"V3008",0
"V3009",0
"V3010",0
"V3011",0
"V3012",0
"V3013",0
"V3014",0
"V3015",-0.00295908642501301
"V3016",0
"V3017",0.00191221702859594
"V3018",0
"V3019",0.000441799814335289
"V3020",0
"V3021",0
"V3022",0
"V3023",0.000845467376442999
"V3024",0
"V3025",0
"V3026",0
"V3027",0
"V3028",0
"V3029",0
"V3030",0
"V3031",0
"V3032",0
"V3033",0
"V3034",0
"V3035",0.000343999211976351
"V3036",-0.000331210667497251
"V3037",0
"V3038",0.000738319354472541
"V3039",-0.000879905672012363
"V3040",0
"V3041",0
"V3042",0
"V3043",0
"V3044",0.00229231697478073
"V3045",4.79663045201295e-05
"V3046",0
"V3047",0
"V3048",0
"V3049",0
"V3050",0.000190978524915384
"V3051",0
"V3052",0
"V3053",0.00146605698471429
"V3054",0
"V3055",0.00043889654353617
"V3056",0
"V3057",0
"V3058",-0.000976371259180733
"V3059",0
"V3060",0
"V3061",0.00211122670320644
"V3062",0
"V3063",0
"V3064",0
"V3065",0
"V3066",0
"V3067",0
"V3068",0
"V3069",0
"V3070",0
"V3071",0
"V3072",0
"V3073",0
"V3074",0
"V3075",0
"V3076",0
"V3077",0
"V3078",-0.00094684344545723
"V3079",0
"V3080",0.000926092666555724
"V3081",0
"V3082",0
"V3083",0
"V3084",0
"V3085",0.000593061596688429
"V3086",0
"V3087",0
"V3088",0
"V3089",-0.00120837185144482
"V3090",0
"V3091",0
"V3092",0
"V3093",0
"V3094",0
"V3095",0
"V3096",0
"V3097",0
"V3098",0
"V3099",0
"V3100",0
"V3101",-0.000228780938375788
"V3102",0
"V3103",0
"V3104",0
"V3105",0
"V3106",0
"V3107",0
"V3108",0
"V3109",0
"V3110",0
"V3111",0
"V3112",0
"V3113",0
"V3114",0
"V3115",0
"V3116",0
"V3117",0
"V3118",0
"V3119",0
"V3120",0
"V3121",0
"V3122",0
"V3123",0
"V3124",0
"V3125",-0.00064663731222347
"V3126",0
"V3127",0
"V3128",0
"V3129",0.000268910959102318
"V3130",0.00145752172042458
"V3131",0.000493284513173408
"V3132",0
"V3133",0
"V3134",0
"V3135",0
"V3136",0
"V3137",0
"V3138",0
"V3139",-0.000645873376220956
"V3140",0
"V3141",0
"V3142",0
"V3143",0
"V3144",0
"V3145",0
"V3146",0
"V3147",0
"V3148",0
"V3149",0
"V3150",0
"V3151",0
"V3152",0
"V3153",0
"V3154",0
"V3155",0
"V3156",0
"V3157",0
"V3158",0
"V3159",0
"V3160",0
"V3161",0
"V3162",0
"V3163",0
"V3164",0
"V3165",0
"V3166",-0.000577510976573297
"V3167",0
"V3168",0
"V3169",0
"V3170",0.00101201730475849
"V3171",0
"V3172",-0.000987522019665748
"V3173",0
"V3174",0
"V3175",0
"V3176",0
"V3177",0
"V3178",0
"V3179",0
"V3180",0
"V3181",0.000896906053872645
"V3182",0
"V3183",0
"V3184",0.0030802900076615
"V3185",9.46730204823331e-05
"V3186",0.000195941338309472
"V3187",0
"V3188",0
"V3189",0
"V3190",0
"V3191",0
"V3192",0.00118457257828416
"V3193",0.000310517034300882
"V3194",0
"V3195",0
"V3196",-0.000193003366047204
"V3197",0
"V3198",0
"V3199",0
"V3200",0.00068674352273049
"V3201",0
"V3202",0
"V3203",0.000286267534459171
"V3204",0
"V3205",0
"V3206",0
"V3207",0
"V3208",0
"V3209",0.000990940827077073
"V3210",0
"V3211",0
"V3212",0
"V3213",0
"V3214",0
"V3215",0
"V3216",0
"V3217",-0.00115727713257683
"V3218",0
"V3219",-0.000825615693223373
"V3220",0
"V3221",0.00272439920912549
"V3222",0
"V3223",0
"V3224",0.000629196787690131
"V3225",0.000699143322678469
"V3226",0
"V3227",0
"V3228",0.0010830901439766
"V3229",0
"V3230",0
"V3231",0
"V3232",0
"V3233",0
"V3234",0
"V3235",0
"V3236",0
"V3237",0
"V3238",0
"V3239",0
"V3240",0
"V3241",0
"V3242",0
"V3243",0
"V3244",0
"V3245",0
"V3246",0
"V3247",0
"V3248",0
"V3249",0
"V3250",0
"V3251",0
"V3252",0
"V3253",0
"V3254",0
"V3255",0
"V3256",0
"V3257",0
"V3258",0
"V3259",0
"V3260",0
"V3261",0
"V3262",0
"V3263",0
"V3264",0
"V3265",0
"V3266",0
"V3267",0
"V3268",0
"V3269",0
"V3270",0
"V3271",0
"V3272",0
"V3273",0
"V3274",0
"V3275",0
"V3276",0
"V3277",0
"V3278",0
"V3279",0
"V3280",0
"V3281",0
"V3282",0
"V3283",0
"V3284",0
"V3285",0
"V3286",0
"V3287",0
"V3288",0
"V3289",0
"V3290",0
"V3291",0
"V3292",0
"V3293",0
"V3294",0
"V3295",0
"V3296",0
"V3297",0
"V3298",0
"V3299",0
"V3300",0
"V3301",0
"V3302",0
"V3303",0
"V3304",0
"V3305",0
"V3306",0
"V3307",0
"V3308",0
"V3309",0
"V3310",0
"V3311",0
"V3312",0
"V3313",0
"V3314",0
"V3315",0
"V3316",0
"V3317",0
"V3318",0
"V3319",0
"V3320",0
"V3321",0
"V3322",0
"V3323",0
"V3324",0
"V3325",0
"V3326",0
"V3327",0
"V3328",0
"V3329",0
"V3330",0
"V3331",0
"V3332",0.000236567967021094
"V3333",0.000222060657929484
"V3334",0
"V3335",0
"V3336",0
"V3337",0
"V3338",0
"V3339",0
"V3340",0
"V3341",0.000536494499346376
"V3342",0.000139029801748276
"V3343",0
"V3344",0
"V3345",0
"V3346",0
"V3347",0.00132594102439079
"V3348",0
"V3349",0.00141235785424885
"V3350",0.000145017944032697
"V3351",0
"V3352",0
"V3353",0.000617379333374415
"V3354",0.000958344293887307
"V3355",0
"V3356",0.000564673715754843
"V3357",0
"V3358",0
"V3359",0
"V3360",0.000285366135885122
"V3361",0
"V3362",0
"V3363",0
"V3364",0
"V3365",0
"V3366",0
"V3367",0
"V3368",0
"V3369",0
"V3370",0
"V3371",-0.00103198626930037
"V3372",0
"V3373",0
"V3374",0
"V3375",0.0011054054390382
"V3376",0
"V3377",0.000305841571999117
"V3378",0.000358252463596742
"V3379",0
"V3380",0.000343057009427088
"V3381",0.000405607540480826
"V3382",0
"V3383",0
"V3384",0
"V3385",0
"V3386",0
"V3387",0
"V3388",0
"V3389",0
"V3390",0.00101043674972882
"V3391",0.000673472690836072
"V3392",0
"V3393",0.000787873422309179
"V3394",0
"V3395",0
"V3396",0
"V3397",0.00374731303722412
"V3398",0
"V3399",0
"V3400",0
"V3401",0
"V3402",0
"V3403",0
"V3404",0
"V3405",0
"V3406",0
"V3407",0
"V3408",0
"V3409",0
"V3410",0
"V3411",0
"V3412",0.00152140493824775
"V3413",0
"V3414",0
"V3415",0.00165054363927303
"V3416",0
"V3417",0
"V3418",0
"V3419",-7.06245357681723e-05
"V3420",0
"V3421",0
"V3422",0
"V3423",0
"V3424",0
"V3425",0
"V3426",0.0013108784751104
"V3427",0
"V3428",0
"V3429",0
"V3430",0
"V3431",0
"V3432",0.000312460970472018
"V3433",0
"V3434",0
"V3435",0
"V3436",0
"V3437",0.00166450989132544
"V3438",0.000322636280522126
"V3439",0
"V3440",0
"V3441",0
"V3442",0
"V3443",0
"V3444",0
"V3445",0
"V3446",0
"V3447",0
"V3448",0.00153151421384667
"V3449",0
"V3450",0.00101187959306388
"V3451",0
"V3452",0.00131624989530201
"V3453",0
"V3454",0
"V3455",-0.000956362617243152
"V3456",0
"V3457",0
"V3458",0
"V3459",0
"V3460",0
"V3461",0
"V3462",0
"V3463",0
"V3464",0
"V3465",0.000444057600167641
"V3466",0
"V3467",0
"V3468",0
"V3469",0
"V3470",0
"V3471",0
"V3472",0
"V3473",0.000368062821147226
"V3474",0
"V3475",0
"V3476",0
"V3477",0
"V3478",0
"V3479",0
"V3480",0
"V3481",0.00083431212133638
"V3482",0
"V3483",0
"V3484",0
"V3485",0
"V3486",0
"V3487",0
"V3488",0
"V3489",0
"V3490",0
"V3491",0
"V3492",0
"V3493",0
"V3494",0
"V3495",0
"V3496",0
"V3497",0
"V3498",0
"V3499",0
"V3500",0
"V3501",0
"V3502",0
"V3503",0
"V3504",0
"V3505",0
"V3506",0
"V3507",0
"V3508",0
"V3509",0
"V3510",0
"V3511",0
"V3512",0
"V3513",0
"V3514",0
"V3515",0
"V3516",0
"V3517",0
"V3518",0
"V3519",0
"V3520",0
"V3521",0
"V3522",0
"V3523",0
"V3524",0
"V3525",0
"V3526",0
"V3527",0
"V3528",0
"V3529",0
"V3530",0
"V3531",0
"V3532",0
"V3533",0
"V3534",0
"V3535",0
"V3536",0
"V3537",0
"V3538",0
"V3539",0
"V3540",0
"V3541",0
"V3542",0
"V3543",0
"V3544",0
"V3545",0
"V3546",0
"V3547",0
"V3548",0
"V3549",0
"V3550",0
"V3551",0
"V3552",0
"V3553",0
"V3554",0
"V3555",0
"V3556",0
"V3557",0
"V3558",0
"V3559",0
"V3560",0
"V3561",0
"V3562",0
"V3563",0
"V3564",0
"V3565",0
"V3566",0
"V3567",0
"V3568",0
"V3569",0
"V3570",0
"V3571",0
"V3572",0.000302822461064014
"V3573",0
"V3574",0
"V3575",0.000768023431634954
"V3576",0
"V3577",0
"V3578",-0.00232697460184296
"V3579",0
"V3580",0
"V3581",0
"V3582",0
"V3583",0
"V3584",0
"V3585",0.00180171576241167
"V3586",0.000698008544150571
"V3587",0
"V3588",0
"V3589",0
"V3590",0
"V3591",0
"V3592",0.00106283650910517
"V3593",0
"V3594",0
"V3595",0
"V3596",0
"V3597",0
"V3598",0
"V3599",0
"V3600",0
"V3601",0.000597013491832777
"V3602",0
"V3603",0
"V3604",0.000269354007992986
"V3605",0
"V3606",-0.000844892497620093
"V3607",0
"V3608",-0.000853340776154468
"V3609",0
"V3610",0
"V3611",0
"V3612",0
"V3613",0
"V3614",0
"V3615",0
"V3616",0
"V3617",0
"V3618",0
"V3619",0
"V3620",0
"V3621",0
"V3622",0
"V3623",0
"V3624",0
"V3625",0
"V3626",0
"V3627",0
"V3628",0
"V3629",0
"V3630",0
"V3631",0
"V3632",0
"V3633",0
"V3634",0
"V3635",0
"V3636",0
"V3637",0
"V3638",0
"V3639",0
"V3640",0
"V3641",0
"V3642",0
"V3643",0
"V3644",0
"V3645",0
"V3646",0
"V3647",0
"V3648",0
"V3649",0
"V3650",0
"V3651",0
"V3652",0
"V3653",0
"V3654",0
"V3655",0
"V3656",0
"V3657",0
"V3658",0
"V3659",0
"V3660",0
"V3661",0
"V3662",0
"V3663",0
"V3664",0
"V3665",0
"V3666",0
"V3667",0
"V3668",0
"V3669",0
"V3670",0
"V3671",0
"V3672",0
"V3673",0
"V3674",0
"V3675",0
"V3676",0
"V3677",0
"V3678",0
"V3679",0
"V3680",0
"V3681",0
"V3682",0
"V3683",0
"V3684",0
"V3685",0
"V3686",0
"V3687",0
"V3688",0
"V3689",0
"V3690",0
"V3691",0
"V3692",0
"V3693",0
"V3694",0
"V3695",0
"V3696",0
"V3697",0
"V3698",0
"V3699",0
"V3700",0
"V3701",0
"V3702",0
"V3703",0
"V3704",0
"V3705",0
"V3706",0
"V3707",0
"V3708",0
"V3709",0
"V3710",0
"V3711",0
"V3712",0
"V3713",0
"V3714",0
"V3715",0
"V3716",0
"V3717",0
"V3718",0
"V3719",0
"V3720",0
"V3721",0
"V3722",0
"V3723",0
"V3724",0
"V3725",0
"V3726",0
"V3727",0
"V3728",0
"V3729",0
"V3730",0
"V3731",0
"V3732",0
"V3733",0
"V3734",0
"V3735",0
"V3736",0
"V3737",0
"V3738",0
"V3739",0
"V3740",0
"V3741",0
"V3742",0
"V3743",0
"V3744",0
"V3745",0
"V3746",0
"V3747",0
"V3748",0
"V3749",0
"V3750",0
"V3751",0
"V3752",0
"V3753",0
"V3754",0
"V3755",0
"V3756",0
"V3757",0
"V3758",0
"V3759",0
"V3760",0
"V3761",0
"V3762",0
"V3763",0
"V3764",0
"V3765",0
"V3766",0
"V3767",0
"V3768",0
"V3769",0
"V3770",0
"V3771",0
"V3772",0
"V3773",0
"V3774",0
"V3775",0
"V3776",0
"V3777",0
"V3778",0
"V3779",0
"V3780",0
"V3781",0
"V3782",0
"V3783",0
"V3784",0
"V3785",0
"V3786",0
"V3787",0
"V3788",0
"V3789",0
"V3790",0
"V3791",0
"V3792",0
"V3793",0
"V3794",0
"V3795",0
"V3796",0
"V3797",0
"V3798",0
"V3799",0
"V3800",0
"V3801",0
"V3802",0
"V3803",0
"V3804",0
"V3805",0
"V3806",0
"V3807",0
"V3808",0
"V3809",0
"V3810",0
"V3811",0
"V3812",0
"V3813",0
"V3814",0
"V3815",0
"V3816",0
"V3817",0
"V3818",0
"V3819",0
"V3820",0
"V3821",0
"V3822",0
"V3823",0
"V3824",0
"V3825",0
"V3826",0
"V3827",0
"V3828",0
"V3829",0
"V3830",0
"V3831",0
"V3832",0
"V3833",0
"V3834",0
"V3835",0
"V3836",0
"V3837",0
"V3838",0
"V3839",0
"V3840",0
"V3841",0
"V3842",0
"V3843",0
"V3844",0
"V3845",0
"V3846",0
"V3847",0
"V3848",0
"V3849",0
"V3850",0
"V3851",0
"V3852",0
"V3853",0
"V3854",0
"V3855",0
"V3856",0
"V3857",0
"V3858",0
"V3859",0
"V3860",0
"V3861",0
"V3862",0
"V3863",0
"V3864",0
"V3865",0
"V3866",0
"V3867",0
"V3868",0
"V3869",0
"V3870",0
"V3871",0
"V3872",0
"V3873",0
"V3874",0
"V3875",0
"V3876",0
"V3877",0
"V3878",0
"V3879",0
"V3880",0
